ID;Placa;Marca;Modelo;Ano;Chassi;Cor
1;Placa 1;ACURA;INTEGRA;2012;Chassi1;Prata
2;Placa 2;ACURA;LEGEND;2014;Chassi2;Vermelho
3;Placa 7;ACURA;NSX;2015;Chassi3;Branco
4;Placa 7;AGRALE;MARRUA;2011;Chassi4;Preto
5;Placa 8;ALFA ROMEO;145;2010;Chassi5;Prata
6;Placa 9;ALFA ROMEO;147;2009;Chassi6;Vermelho
7;Placa 10;ALFA ROMEO;155;2015;Chassi7;Branco
8;Placa 11;ALFA ROMEO;156;2015;Chassi8;Preto
9;Placa 12;ALFA ROMEO;164;2015;Chassi9;Prata
10;Placa 13;ALFA ROMEO;166;2015;Chassi10;Vermelho
11;Placa 14;ALFA ROMEO;2300;2015;Chassi11;Branco
12;Placa 15;ALFA ROMEO;SPIDER;2015;Chassi12;Preto
13;Placa 16;AM GEN;HUMMER;2016;Chassi13;Prata
281;Placa 284;KIA;BESTA;2022;Chassi281;Prata
282;Placa 285;KIA;BONGO;2021;Chassi282;Vermelho
283;Placa 286;KIA;CADENZA;2022;Chassi283;Branco
284;Placa 287;KIA;CARENS;2021;Chassi284;Preto
19;Placa 22;AUDI;100;2016;Chassi19;Branco
20;Placa 23;AUDI;80;2016;Chassi20;Preto
21;Placa 24;AUDI;A1;2016;Chassi21;Prata
22;Placa 25;AUDI;A3;2016;Chassi22;Vermelho
23;Placa 26;AUDI;A4 SEDAN;2016;Chassi23;Branco
24;Placa 27;AUDI;A5 COUPE;2016;Chassi24;Preto
25;Placa 28;AUDI;A6 SEDAN;2016;Chassi25;Prata
26;Placa 29;AUDI;A7;2016;Chassi26;Vermelho
27;Placa 30;AUDI;A8;2016;Chassi27;Branco
28;Placa 31;AUDI;Q3;2016;Chassi28;Preto
29;Placa 32;AUDI;Q5;2016;Chassi29;Prata
30;Placa 33;AUDI;Q7;2016;Chassi30;Vermelho
31;Placa 34;AUDI;R8;2016;Chassi31;Branco
32;Placa 35;AUDI;RS3;2016;Chassi32;Preto
33;Placa 36;AUDI;RS4;2016;Chassi33;Prata
34;Placa 37;AUDI;RS5;2016;Chassi34;Vermelho
35;Placa 38;AUDI;RS6;2016;Chassi35;Branco
36;Placa 39;AUDI;S3;2016;Chassi36;Preto
37;Placa 40;AUDI;S4 SEDAN;2016;Chassi37;Prata
38;Placa 41;AUDI;S6 SEDAN;2016;Chassi38;Vermelho
39;Placa 42;AUDI;S8;2016;Chassi39;Branco
40;Placa 43;AUDI;TT;2016;Chassi40;Preto
41;Placa 44;AUDI;TTS;2016;Chassi41;Prata
42;Placa 45;BUGGY;BUGGY;2016;Chassi42;Vermelho
43;Placa 46;CADILLAC;DEVILLE;2016;Chassi43;Branco
44;Placa 47;CADILLAC;ELDORADO;2016;Chassi44;Preto
45;Placa 48;CADILLAC;SEVILLE;2016;Chassi45;Prata
46;Placa 49;CBT;JAVALI;2016;Chassi46;Vermelho
47;Placa 50;CHANA;MINI STAR FAMILY;2016;Chassi47;Branco
48;Placa 51;CHANA;MINI STAR UTILITY;2016;Chassi48;Preto
49;Placa 52;CHERY;CIELO;2016;Chassi49;Prata
50;Placa 53;CHERY;FACE;2016;Chassi50;Vermelho
51;Placa 54;CHERY;QQ;2016;Chassi51;Branco
52;Placa 55;CHERY;S-18;2016;Chassi52;Preto
53;Placa 56;CHERY;TIGGO;2016;Chassi53;Prata
54;Placa 57;CHRYSLER;300C;2016;Chassi54;Vermelho
55;Placa 58;CHRYSLER;CARAVAN;2016;Chassi55;Branco
56;Placa 59;CHRYSLER;CIRRUS;2016;Chassi56;Preto
57;Placa 60;CHRYSLER;GRAN CARAVAN;2016;Chassi57;Prata
58;Placa 61;CHRYSLER;LE BARON;2016;Chassi58;Vermelho
59;Placa 62;CHRYSLER;NEON;2016;Chassi59;Branco
60;Placa 63;CHRYSLER;PT CRUISER;2016;Chassi60;Preto
61;Placa 64;CHRYSLER;SEBRING;2016;Chassi61;Prata
62;Placa 65;CHRYSLER;STRATUS;2016;Chassi62;Vermelho
63;Placa 66;CHRYSLER;TOWN E COUNTRY;2016;Chassi63;Branco
64;Placa 67;CHRYSLER;VISION;2016;Chassi64;Preto
65;Placa 68;CITROEN;AIRCROSS;2016;Chassi65;Prata
66;Placa 69;CITROEN;AX;2016;Chassi66;Vermelho
67;Placa 70;CITROEN;BERLINGO;2016;Chassi67;Branco
68;Placa 71;CITROEN;BX;2016;Chassi68;Preto
69;Placa 72;CITROEN;C3;2016;Chassi69;Prata
70;Placa 73;CITROEN;C4;2016;Chassi70;Vermelho
71;Placa 74;CITROEN;C5;2016;Chassi71;Branco
72;Placa 75;CITROEN;C6;2016;Chassi72;Preto
73;Placa 76;CITROEN;C8;2016;Chassi73;Prata
74;Placa 77;CITROEN;DS3;2016;Chassi74;Vermelho
75;Placa 78;CITROEN;EVASION;2016;Chassi75;Branco
76;Placa 79;CITROEN;JUMPER;2016;Chassi76;Preto
77;Placa 80;CITROEN;XANTIA;2016;Chassi77;Prata
78;Placa 81;CITROEN;XM;2016;Chassi78;Vermelho
79;Placa 82;CITROEN;XSARA;2016;Chassi79;Branco
80;Placa 83;CITROEN;ZX;2016;Chassi80;Preto
81;Placa 84;CROSS LANDER;CL-244;2016;Chassi81;Prata
82;Placa 85;CROSS LANDER;CL-330;2016;Chassi82;Vermelho
83;Placa 86;DAEWOO;ESPERO;2016;Chassi83;Branco
84;Placa 87;DAEWOO;LANOS;2016;Chassi84;Preto
85;Placa 88;DAEWOO;LEGANZA;2016;Chassi85;Prata
86;Placa 89;DAEWOO;NUBIRA;2016;Chassi86;Vermelho
87;Placa 90;DAEWOO;PRINCE;2016;Chassi87;Branco
88;Placa 91;DAEWOO;RACER;2016;Chassi88;Preto
89;Placa 92;DAEWOO;SUPER SALON;2016;Chassi89;Prata
90;Placa 93;DAEWOO;TICO;2016;Chassi90;Vermelho
91;Placa 94;DAIHATSU;APPLAUSE;2016;Chassi91;Branco
92;Placa 95;DAIHATSU;CHARADE;2016;Chassi92;Preto
93;Placa 96;DAIHATSU;CUORE;2016;Chassi93;Prata
94;Placa 97;DAIHATSU;FEROZA;2016;Chassi94;Vermelho
95;Placa 98;DAIHATSU;GRAN MOVE;2016;Chassi95;Branco
96;Placa 99;DAIHATSU;MOVE VAN;2016;Chassi96;Preto
97;Placa 100;DAIHATSU;TERIOS;2016;Chassi97;Prata
98;Placa 101;DODGE;AVENGER;2016;Chassi98;Vermelho
99;Placa 102;DODGE;DAKOTA;2016;Chassi99;Branco
100;Placa 103;DODGE;JOURNEY;2016;Chassi100;Preto
101;Placa 104;DODGE;RAM;2016;Chassi101;Prata
102;Placa 105;DODGE;STEALTH;2016;Chassi102;Vermelho
103;Placa 106;EFFA;M-100;2016;Chassi103;Branco
104;Placa 107;EFFA;PLUTUS;2016;Chassi104;Preto
105;Placa 108;EFFA;START;2016;Chassi105;Prata
106;Placa 109;EFFA;ULC;2016;Chassi106;Vermelho
107;Placa 110;ENGESA;ENGESA;2016;Chassi107;Branco
108;Placa 111;ENVEMO;CAMPER;2016;Chassi108;Preto
109;Placa 112;ENVEMO;MASTER;2016;Chassi109;Prata
110;Placa 113;FERRARI;348;2016;Chassi110;Vermelho
111;Placa 114;FERRARI;355;2016;Chassi111;Branco
112;Placa 115;FERRARI;360;2016;Chassi112;Preto
113;Placa 116;FERRARI;456;2016;Chassi113;Prata
114;Placa 117;FERRARI;550;2016;Chassi114;Vermelho
115;Placa 118;FERRARI;575M;2016;Chassi115;Branco
116;Placa 119;FERRARI;612;2016;Chassi116;Preto
117;Placa 120;FERRARI;CALIFORNIA;2016;Chassi117;Prata
118;Placa 121;FERRARI;F430;2016;Chassi118;Vermelho
119;Placa 122;FERRARI;F599;2017;Chassi119;Branco
120;Placa 123;FIAT;147;2017;Chassi120;Preto
121;Placa 124;FIAT;500;2017;Chassi121;Prata
122;Placa 125;FIAT;BRAVA;2017;Chassi122;Vermelho
123;Placa 126;FIAT;BRAVO;2017;Chassi123;Branco
124;Placa 127;FIAT;COUPE;2017;Chassi124;Preto
125;Placa 128;FIAT;DOBLO;2017;Chassi125;Prata
126;Placa 129;FIAT;DUCATO CARGO;2017;Chassi126;Vermelho
127;Placa 130;FIAT;DUNA;2017;Chassi127;Branco
128;Placa 131;FIAT;ELBA;2017;Chassi128;Preto
129;Placa 132;FIAT;FIORINO;2017;Chassi129;Prata
130;Placa 133;FIAT;FREEMONT;2017;Chassi130;Vermelho
131;Placa 134;FIAT;GRAND SIENA;2017;Chassi131;Branco
132;Placa 135;FIAT;IDEA;2017;Chassi132;Preto
133;Placa 136;FIAT;LINEA;2017;Chassi133;Prata
134;Placa 137;FIAT;MAREA;2017;Chassi134;Vermelho
135;Placa 138;FIAT;OGGI;2017;Chassi135;Branco
136;Placa 139;FIAT;PALIO;2017;Chassi136;Preto
137;Placa 140;FIAT;PANORAMA;2017;Chassi137;Prata
138;Placa 141;FIAT;PREMIO;2017;Chassi138;Vermelho
139;Placa 142;FIAT;PUNTO;2017;Chassi139;Branco
140;Placa 143;FIAT;SIENA;2017;Chassi140;Preto
141;Placa 144;FIAT;STILO;2017;Chassi141;Prata
142;Placa 145;FIAT;STRADA;2017;Chassi142;Vermelho
143;Placa 146;FIAT;TEMPRA;2017;Chassi143;Branco
144;Placa 147;FIAT;TIPO;2017;Chassi144;Preto
145;Placa 148;FIAT;UNO;2017;Chassi145;Prata
146;Placa 149;FORD;AEROSTAR;2017;Chassi146;Vermelho
147;Placa 150;FORD;ASPIRE;2017;Chassi147;Branco
148;Placa 151;FORD;BELINA;2017;Chassi148;Preto
149;Placa 152;FORD;CLUB WAGON;2017;Chassi149;Prata
150;Placa 153;FORD;CONTOUR;2017;Chassi150;Vermelho
151;Placa 154;FORD;CORCEL II;2017;Chassi151;Branco
152;Placa 155;FORD;COURIER;2017;Chassi152;Preto
153;Placa 156;FORD;CROWN VICTORIA;2017;Chassi153;Prata
154;Placa 157;FORD;DEL REY;2017;Chassi154;Vermelho
155;Placa 158;FORD;ECOSPORT;2017;Chassi155;Branco
156;Placa 159;FORD;EDGE;2017;Chassi156;Preto
157;Placa 160;FORD;ESCORT;2017;Chassi157;Prata
158;Placa 161;FORD;EXPEDITION;2017;Chassi158;Vermelho
159;Placa 162;FORD;EXPLORER;2017;Chassi159;Branco
160;Placa 163;FORD;F-100;2018;Chassi160;Preto
161;Placa 164;FORD;F-1000;2018;Chassi161;Prata
162;Placa 165;FORD;F-150;2018;Chassi162;Vermelho
163;Placa 166;FORD;F-250;2018;Chassi163;Branco
164;Placa 167;FORD;FIESTA;2018;Chassi164;Preto
165;Placa 168;FORD;FOCUS;2018;Chassi165;Prata
166;Placa 169;FORD;FURGLAINE;2018;Chassi166;Vermelho
167;Placa 170;FORD;FUSION;2018;Chassi167;Branco
168;Placa 171;FORD;IBIZA;2018;Chassi168;Preto
169;Placa 172;FORD;KA;2018;Chassi169;Prata
170;Placa 173;FORD;MONDEO;2018;Chassi170;Vermelho
171;Placa 174;FORD;MUSTANG;2018;Chassi171;Branco
172;Placa 175;FORD;PAMPA;2018;Chassi172;Preto
173;Placa 176;FORD;PROBE;2018;Chassi173;Prata
174;Placa 177;FORD;RANGER;2018;Chassi174;Vermelho
175;Placa 178;FORD;VERSAILLES ROYALE;2018;Chassi175;Branco
176;Placa 179;FORD;TAURUS;2018;Chassi176;Preto
177;Placa 180;FORD;THUNDERBIRD;2018;Chassi177;Prata
178;Placa 181;FORD;TRANSIT;2018;Chassi178;Vermelho
179;Placa 182;FORD;VERONA;2018;Chassi179;Branco
180;Placa 183;FORD;VERSAILLES;2018;Chassi180;Preto
181;Placa 184;FORD;WINDSTAR;2018;Chassi181;Prata
182;Placa 185;CHEVROLET;A-10;2018;Chassi182;Vermelho
183;Placa 186;CHEVROLET;A-20;2018;Chassi183;Branco
184;Placa 187;CHEVROLET;AGILE;2018;Chassi184;Preto
185;Placa 188;CHEVROLET;ASTRA;2018;Chassi185;Prata
186;Placa 189;CHEVROLET;BLAZER;2018;Chassi186;Vermelho
187;Placa 190;CHEVROLET;BONANZA;2018;Chassi187;Branco
188;Placa 191;CHEVROLET;C-10;2018;Chassi188;Preto
189;Placa 192;CHEVROLET;C-20;2018;Chassi189;Prata
190;Placa 193;CHEVROLET;CALIBRA;2018;Chassi190;Vermelho
191;Placa 194;CHEVROLET;CAMARO;2018;Chassi191;Branco
192;Placa 195;CHEVROLET;CAPRICE;2018;Chassi192;Preto
193;Placa 196;CHEVROLET;CAPTIVA;2018;Chassi193;Prata
194;Placa 197;CHEVROLET;CARAVAN;2018;Chassi194;Vermelho
195;Placa 198;CHEVROLET;CAVALIER;2018;Chassi195;Branco
196;Placa 199;CHEVROLET;CELTA;2018;Chassi196;Preto
197;Placa 200;CHEVROLET;CHEVY;2018;Chassi197;Prata
198;Placa 201;CHEVROLET;CHEYNNE;2018;Chassi198;Vermelho
199;Placa 202;CHEVROLET;COBALT;2018;Chassi199;Branco
200;Placa 203;CHEVROLET;CORSA;2018;Chassi200;Preto
201;Placa 204;CHEVROLET;CORVETTE;2018;Chassi201;Prata
202;Placa 205;CHEVROLET;CRUZE;2018;Chassi202;Vermelho
203;Placa 206;CHEVROLET;D-10;2018;Chassi203;Branco
204;Placa 207;CHEVROLET;D-20;2018;Chassi204;Preto
205;Placa 208;CHEVROLET;IPANEMA;2018;Chassi205;Prata
206;Placa 209;CHEVROLET;KADETT;2018;Chassi206;Vermelho
207;Placa 210;CHEVROLET;LUMINA;2018;Chassi207;Branco
208;Placa 211;CHEVROLET;MALIBU;2018;Chassi208;Preto
209;Placa 212;CHEVROLET;MERIVA;2018;Chassi209;Prata
210;Placa 213;CHEVROLET;MONTANA;2018;Chassi210;Vermelho
211;Placa 214;CHEVROLET;OMEGA;2018;Chassi211;Branco
212;Placa 215;CHEVROLET;OPALA;2018;Chassi212;Preto
213;Placa 216;CHEVROLET;PRISMA;2018;Chassi213;Prata
214;Placa 217;CHEVROLET;S10;2018;Chassi214;Vermelho
215;Placa 218;CHEVROLET;SILVERADO;2018;Chassi215;Branco
216;Placa 219;CHEVROLET;SONIC;2018;Chassi216;Preto
217;Placa 220;CHEVROLET;SONOMA;2018;Chassi217;Prata
218;Placa 221;CHEVROLET;SPACEVAN;2018;Chassi218;Vermelho
219;Placa 222;CHEVROLET;SS10;2018;Chassi219;Branco
220;Placa 223;CHEVROLET;SUBURBAN;2018;Chassi220;Preto
221;Placa 224;CHEVROLET;SYCLONE;2018;Chassi221;Prata
222;Placa 225;CHEVROLET;TIGRA;2018;Chassi222;Vermelho
223;Placa 226;CHEVROLET;TRACKER;2018;Chassi223;Branco
224;Placa 227;CHEVROLET;TRAFIC;2018;Chassi224;Preto
225;Placa 228;CHEVROLET;VECTRA;2018;Chassi225;Prata
226;Placa 229;CHEVROLET;VERANEIO;2018;Chassi226;Vermelho
227;Placa 230;CHEVROLET;ZAFIRA;2018;Chassi227;Branco
228;Placa 231;GREAT WALL;HOVER;2018;Chassi228;Preto
229;Placa 232;GURGEL;BR-800;2018;Chassi229;Prata
230;Placa 233;GURGEL;CARAJAS;2018;Chassi230;Vermelho
231;Placa 234;GURGEL;TOCANTINS;2018;Chassi231;Branco
232;Placa 235;GURGEL;XAVANTE;2018;Chassi232;Preto
233;Placa 236;GURGEL;VIP;2018;Chassi233;Prata
234;Placa 237;HAFEI;TOWNER;2018;Chassi234;Vermelho
235;Placa 238;HONDA;ACCORD;2018;Chassi235;Branco
236;Placa 239;HONDA;CITY;2018;Chassi236;Preto
237;Placa 240;HONDA;CIVIC;2018;Chassi237;Prata
238;Placa 241;HONDA;CR-V;2019;Chassi238;Vermelho
239;Placa 242;HONDA;FIT;2019;Chassi239;Branco
240;Placa 243;HONDA;ODYSSEY;2019;Chassi240;Preto
241;Placa 244;HONDA;PASSPORT;2019;Chassi241;Prata
242;Placa 245;HONDA;PRELUDE;2019;Chassi242;Vermelho
243;Placa 246;HYUNDAI;ACCENT;2019;Chassi243;Branco
244;Placa 247;HYUNDAI;ATOS;2019;Chassi244;Preto
245;Placa 248;HYUNDAI;AZERA;2019;Chassi245;Prata
246;Placa 249;HYUNDAI;COUPE;2019;Chassi246;Vermelho
247;Placa 250;HYUNDAI;ELANTRA;2019;Chassi247;Branco
248;Placa 251;HYUNDAI;EXCEL;2019;Chassi248;Preto
249;Placa 252;HYUNDAI;GALLOPER;2019;Chassi249;Prata
250;Placa 253;HYUNDAI;GENESIS;2019;Chassi250;Vermelho
251;Placa 254;HYUNDAI;H1;2019;Chassi251;Branco
252;Placa 255;HYUNDAI;H100;2019;Chassi252;Preto
253;Placa 256;HYUNDAI;I30;2019;Chassi253;Prata
254;Placa 257;HYUNDAI;IX35;2019;Chassi254;Vermelho
255;Placa 258;HYUNDAI;MATRIX;2019;Chassi255;Branco
256;Placa 259;HYUNDAI;PORTER;2019;Chassi256;Preto
257;Placa 260;HYUNDAI;SANTA FE;2019;Chassi257;Prata
258;Placa 261;HYUNDAI;SCOUPE;2019;Chassi258;Vermelho
259;Placa 262;HYUNDAI;SONATA;2019;Chassi259;Branco
260;Placa 263;HYUNDAI;TERRACAN;2019;Chassi260;Preto
261;Placa 264;HYUNDAI;TRAJET;2019;Chassi261;Prata
262;Placa 265;HYUNDAI;TUCSON;2019;Chassi262;Vermelho
263;Placa 266;HYUNDAI;VELOSTER;2019;Chassi263;Branco
264;Placa 267;HYUNDAI;VERACRUZ;2019;Chassi264;Preto
265;Placa 268;JAC;J3;2019;Chassi265;Prata
266;Placa 269;JAC;J5;2019;Chassi266;Vermelho
267;Placa 270;JAC;J6;2019;Chassi267;Branco
268;Placa 271;JAGUAR;DAIMLER;2019;Chassi268;Preto
269;Placa 272;JAGUAR;S-TYPE;2019;Chassi269;Prata
270;Placa 273;JAGUAR;X-TYPE;2019;Chassi270;Vermelho
271;Placa 274;JAGUAR;MODELOS XJ;2019;Chassi271;Branco
272;Placa 275;JAGUAR;MODELOS XK;2019;Chassi272;Preto
273;Placa 276;JEEP;CHEROKEE;2019;Chassi273;Prata
274;Placa 277;JEEP;COMMANDER;2019;Chassi274;Vermelho
275;Placa 278;JEEP;COMPASS;2019;Chassi275;Branco
276;Placa 279;JEEP;GRAND CHEROKEE;2019;Chassi276;Preto
277;Placa 280;JEEP;WRANGLER;2019;Chassi277;Prata
278;Placa 281;JINBEI;TOPIC VAN;2019;Chassi278;Vermelho
279;Placa 282;JPX;JIPE MONTEZ;2019;Chassi279;Branco
280;Placa 283;JPX;PICAPE MONTEZ;2019;Chassi280;Preto
285;Placa 288;KIA;CARNIVAL;2019;Chassi285;Prata
286;Placa 289;KIA;CERATO;2019;Chassi286;Vermelho
914;Placa 917;KIA;CERATO KOUP;2018;Chassi914;Vermelho
287;Placa 290;KIA;CERES;1998;Chassi287;Branco
288;Placa 291;KIA;CLARUS;2019;Chassi288;Preto
1085;Placa 1088;KIA;GRAND BESTA;2021;Chassi1085;Prata
1225;Placa 1228;KIA;GRAND CARNIVAL;2022;Chassi1225;Prata
15;Placa 18;KIA;HI-TOPIC;2010;Chassi15;Branco
289;Placa 292;KIA;MAGENTIS;2011;Chassi289;Prata
290;Placa 293;KIA;MOHAVE;2015;Chassi290;Vermelho
291;Placa 294;KIA;OPIRUS;2016;Chassi291;Branco
292;Placa 295;KIA;OPTIMA;2019;Chassi292;Preto
293;Placa 296;KIA;PICANTO;2019;Chassi293;Prata
1224;Placa 1227;KIA;QUORIS;2019;Chassi1224;Preto
16;Placa 19;KIA;ROCSTA;2019;Chassi16;Preto
294;Placa 297;KIA;SEPHIA;2019;Chassi294;Vermelho
295;Placa 298;KIA;SHUMA;2019;Chassi295;Branco
296;Placa 299;KIA;SORENTO;2019;Chassi296;Preto
299;Placa 302;LADA;LAIKA;2019;Chassi299;Branco
300;Placa 303;LADA;NIVA;2019;Chassi300;Preto
301;Placa 304;LADA;SAMARA;2019;Chassi301;Prata
302;Placa 305;LAMBORGHINI;GALLARDO;2019;Chassi302;Vermelho
303;Placa 306;LAMBORGHINI;MURCIELAGO;2019;Chassi303;Branco
304;Placa 307;LAND ROVER;DEFENDER;2019;Chassi304;Preto
305;Placa 308;LAND ROVER;DISCOVERY;2019;Chassi305;Prata
306;Placa 309;LAND ROVER;FREELANDER;2019;Chassi306;Vermelho
307;Placa 310;LAND ROVER;NEW RANGE;2019;Chassi307;Branco
308;Placa 311;LAND ROVER;RANGE ROVER;2019;Chassi308;Preto
309;Placa 312;LEXUS;ES;2019;Chassi309;Prata
310;Placa 313;LEXUS;GS;2019;Chassi310;Vermelho
311;Placa 314;LEXUS;IS-300;2019;Chassi311;Branco
312;Placa 315;LEXUS;LS;2019;Chassi312;Preto
313;Placa 316;LEXUS;RX;2019;Chassi313;Prata
314;Placa 317;LEXUS;SC;2019;Chassi314;Vermelho
315;Placa 318;LIFAN;320;2019;Chassi315;Branco
316;Placa 319;LIFAN;620;2019;Chassi316;Preto
317;Placa 320;LOBINI;H1;2019;Chassi317;Prata
318;Placa 321;LOTUS;ELAN;2019;Chassi318;Vermelho
319;Placa 322;LOTUS;ESPRIT;2019;Chassi319;Branco
320;Placa 323;MAHINDRA;SCORPIO;2019;Chassi320;Preto
321;Placa 324;MASERATI;222;2019;Chassi321;Prata
322;Placa 325;MASERATI;228;2019;Chassi322;Vermelho
323;Placa 326;MASERATI;3200;2019;Chassi323;Branco
324;Placa 327;MASERATI;430;2019;Chassi324;Preto
325;Placa 328;MASERATI;COUPE;2019;Chassi325;Prata
326;Placa 329;MASERATI;GHIBLI;2019;Chassi326;Vermelho
327;Placa 330;MASERATI;GRANCABRIO;2019;Chassi327;Branco
328;Placa 331;MASERATI;GRANSPORT;2019;Chassi328;Preto
329;Placa 332;MASERATI;GRANTURISMO;2019;Chassi329;Prata
330;Placa 333;MASERATI;QUATTROPORTE;2019;Chassi330;Vermelho
331;Placa 334;MASERATI;SHAMAL;2019;Chassi331;Branco
332;Placa 335;MASERATI;SPIDER;2019;Chassi332;Preto
333;Placa 336;MATRA;PICK-UP;2019;Chassi333;Prata
334;Placa 337;MAZDA;323;2019;Chassi334;Vermelho
335;Placa 338;MAZDA;626;2019;Chassi335;Branco
336;Placa 339;MAZDA;929;2019;Chassi336;Preto
337;Placa 340;MAZDA;B-2500;2019;Chassi337;Prata
338;Placa 341;MAZDA;B2200;2019;Chassi338;Vermelho
339;Placa 342;MAZDA;MILLENIA;2019;Chassi339;Branco
340;Placa 343;MAZDA;MPV;2019;Chassi340;Preto
341;Placa 344;MAZDA;MX-3;2019;Chassi341;Prata
342;Placa 345;MAZDA;MX-5;2019;Chassi342;Vermelho
343;Placa 346;MAZDA;NAVAJO;2019;Chassi343;Branco
344;Placa 347;MAZDA;PROTEGE;2019;Chassi344;Preto
345;Placa 348;MAZDA;RX;2019;Chassi345;Prata
346;Placa 349;MERCEDES-BENZ;CLASSE A;2019;Chassi346;Vermelho
347;Placa 350;MERCEDES-BENZ;CLASSE B;2011;Chassi347;Branco
348;Placa 351;MERCEDES-BENZ;CLASSE R;2011;Chassi348;Preto
349;Placa 352;MERCEDES-BENZ;CLASSE GLK;2011;Chassi349;Prata
350;Placa 353;MERCEDES-BENZ;SPRINTER;2011;Chassi350;Vermelho
351;Placa 354;MERCURY;MYSTIQUE;2011;Chassi351;Branco
352;Placa 355;MERCURY;SABLE;2011;Chassi352;Preto
353;Placa 356;MG;550;2011;Chassi353;Prata
354;Placa 357;MG;MG6;2011;Chassi354;Vermelho
355;Placa 358;MINI;COOPER;2011;Chassi355;Branco
356;Placa 359;MINI;ONE;2011;Chassi356;Preto
357;Placa 360;MITSUBISHI;3000;2011;Chassi357;Prata
358;Placa 361;MITSUBISHI;AIRTREK;2011;Chassi358;Vermelho
359;Placa 362;MITSUBISHI;ASX;2011;Chassi359;Branco
360;Placa 363;MITSUBISHI;COLT;2011;Chassi360;Preto
361;Placa 364;MITSUBISHI;DIAMANT;2011;Chassi361;Prata
362;Placa 365;MITSUBISHI;ECLIPSE;2011;Chassi362;Vermelho
363;Placa 366;MITSUBISHI;EXPO;2011;Chassi363;Branco
364;Placa 367;MITSUBISHI;GALANT;2011;Chassi364;Preto
365;Placa 368;MITSUBISHI;GRANDIS;2011;Chassi365;Prata
366;Placa 369;MITSUBISHI;L200;2011;Chassi366;Vermelho
367;Placa 370;MITSUBISHI;L300;2011;Chassi367;Branco
368;Placa 371;MITSUBISHI;LANCER;2011;Chassi368;Preto
369;Placa 372;MITSUBISHI;MIRAGE;2011;Chassi369;Prata
370;Placa 373;MITSUBISHI;MONTERO;2011;Chassi370;Vermelho
371;Placa 374;MITSUBISHI;OUTLANDER;2011;Chassi371;Branco
372;Placa 375;MITSUBISHI;PAJERO;2011;Chassi372;Preto
373;Placa 376;MITSUBISHI;SPACE WAGON;2011;Chassi373;Prata
374;Placa 377;MIURA;BG-TRUCK;2011;Chassi374;Vermelho
375;Placa 378;NISSAN;350Z;2011;Chassi375;Branco
376;Placa 379;NISSAN;ALTIMA;2011;Chassi376;Preto
377;Placa 380;NISSAN;AX;2011;Chassi377;Prata
378;Placa 381;NISSAN;D-21;2011;Chassi378;Vermelho
379;Placa 382;NISSAN;FRONTIER;2011;Chassi379;Branco
380;Placa 383;NISSAN;KING-CAB;2011;Chassi380;Preto
381;Placa 384;NISSAN;LIVINA;2011;Chassi381;Prata
382;Placa 385;NISSAN;MARCH;2011;Chassi382;Vermelho
383;Placa 386;NISSAN;MAXIMA;2011;Chassi383;Branco
384;Placa 387;NISSAN;MURANO;2011;Chassi384;Preto
385;Placa 388;NISSAN;NX;2011;Chassi385;Prata
386;Placa 389;NISSAN;PATHFINDER;2011;Chassi386;Vermelho
387;Placa 390;NISSAN;PRIMERA;2011;Chassi387;Branco
388;Placa 391;NISSAN;QUEST;2011;Chassi388;Preto
389;Placa 392;NISSAN;SENTRA;2011;Chassi389;Prata
390;Placa 393;NISSAN;STANZA;2011;Chassi390;Vermelho
391;Placa 394;NISSAN;180SX;2011;Chassi391;Branco
392;Placa 395;NISSAN;TERRANO;2011;Chassi392;Preto
393;Placa 396;NISSAN;TIIDA;2011;Chassi393;Prata
394;Placa 397;NISSAN;VERSA;2011;Chassi394;Vermelho
395;Placa 398;NISSAN;X-TRAIL;2011;Chassi395;Branco
396;Placa 399;NISSAN;XTERRA;2011;Chassi396;Preto
397;Placa 400;NISSAN;ZX;2011;Chassi397;Prata
398;Placa 401;PEUGEOT;106;2011;Chassi398;Vermelho
399;Placa 402;PEUGEOT;205;2011;Chassi399;Branco
400;Placa 403;PEUGEOT;206;2011;Chassi400;Preto
401;Placa 404;PEUGEOT;207;2011;Chassi401;Prata
402;Placa 405;PEUGEOT;3008;2011;Chassi402;Vermelho
403;Placa 406;PEUGEOT;306;2011;Chassi403;Branco
404;Placa 407;PEUGEOT;307;2011;Chassi404;Preto
405;Placa 408;PEUGEOT;308;2011;Chassi405;Prata
406;Placa 409;PEUGEOT;405;2011;Chassi406;Vermelho
407;Placa 410;PEUGEOT;406;2011;Chassi407;Branco
408;Placa 411;PEUGEOT;407;2011;Chassi408;Preto
409;Placa 412;PEUGEOT;408;2011;Chassi409;Prata
410;Placa 413;PEUGEOT;504;2011;Chassi410;Vermelho
411;Placa 414;PEUGEOT;505;2011;Chassi411;Branco
412;Placa 415;PEUGEOT;508;2011;Chassi412;Preto
413;Placa 416;PEUGEOT;605;2011;Chassi413;Prata
414;Placa 417;PEUGEOT;607;2011;Chassi414;Vermelho
415;Placa 418;PEUGEOT;806;2013;Chassi415;Branco
416;Placa 419;PEUGEOT;807;2013;Chassi416;Preto
417;Placa 420;PEUGEOT;BOXER;2013;Chassi417;Prata
418;Placa 421;PEUGEOT;HOGGAR;2013;Chassi418;Vermelho
419;Placa 422;PEUGEOT;PARTNER;2013;Chassi419;Branco
420;Placa 423;PEUGEOT;RCZ;2013;Chassi420;Preto
421;Placa 424;PLYMOUTH;GRAN VOYAGER;2013;Chassi421;Prata
422;Placa 425;PLYMOUTH;SUNDANCE;2013;Chassi422;Vermelho
423;Placa 426;PONTIAC;TRANS-AM;2013;Chassi423;Branco
424;Placa 427;PONTIAC;TRANS-SPORT;2013;Chassi424;Preto
425;Placa 428;PORSCHE;911;2013;Chassi425;Prata
426;Placa 429;PORSCHE;BOXSTER;2013;Chassi426;Vermelho
427;Placa 430;PORSCHE;CAYENNE;2013;Chassi427;Branco
428;Placa 431;PORSCHE;CAYMAN;2013;Chassi428;Preto
429;Placa 432;PORSCHE;PANAMERA;2013;Chassi429;Prata
430;Placa 433;RENAULT;21 SEDAN;2013;Chassi430;Vermelho
431;Placa 434;RENAULT;CLIO;2013;Chassi431;Branco
432;Placa 435;RENAULT;DUSTER;2013;Chassi432;Preto
433;Placa 436;RENAULT;EXPRESS;2013;Chassi433;Prata
434;Placa 437;RENAULT;FLUENCE;2013;Chassi434;Vermelho
435;Placa 438;RENAULT;KANGOO;2013;Chassi435;Branco
436;Placa 439;RENAULT;LAGUNA;2013;Chassi436;Preto
437;Placa 440;RENAULT;LOGAN;2013;Chassi437;Prata
438;Placa 441;RENAULT;MASTER;2013;Chassi438;Vermelho
439;Placa 442;RENAULT;MEGANE;2013;Chassi439;Branco
440;Placa 443;RENAULT;SAFRANE;2013;Chassi440;Preto
441;Placa 444;RENAULT;SANDERO;2013;Chassi441;Prata
442;Placa 445;RENAULT;SCENIC;2013;Chassi442;Vermelho
443;Placa 446;RENAULT;SYMBOL;2013;Chassi443;Branco
444;Placa 447;RENAULT;TRAFIC;2013;Chassi444;Preto
445;Placa 448;RENAULT;TWINGO;2013;Chassi445;Prata
446;Placa 449;SAAB;9000;2013;Chassi446;Vermelho
447;Placa 450;SATURN;SL-2;2013;Chassi447;Branco
448;Placa 451;SEAT;CORDOBA;2013;Chassi448;Preto
449;Placa 452;SEAT;IBIZA;2013;Chassi449;Prata
450;Placa 453;SEAT;INCA;2013;Chassi450;Vermelho
451;Placa 454;SMART;FORTWO;2013;Chassi451;Branco
452;Placa 455;SSANGYONG;ACTYON SPORTS;2013;Chassi452;Preto
453;Placa 456;SSANGYONG;CHAIRMAN;2013;Chassi453;Prata
454;Placa 457;SSANGYONG;ISTANA;2013;Chassi454;Vermelho
455;Placa 458;SSANGYONG;KORANDO;2013;Chassi455;Branco
456;Placa 459;SSANGYONG;KYRON;2013;Chassi456;Preto
457;Placa 460;SSANGYONG;MUSSO;2013;Chassi457;Prata
458;Placa 461;SSANGYONG;REXTON;2013;Chassi458;Vermelho
459;Placa 462;SUBARU;FORESTER;2013;Chassi459;Branco
460;Placa 463;SUBARU;IMPREZA;2013;Chassi460;Preto
461;Placa 464;SUBARU;LEGACY;2013;Chassi461;Prata
462;Placa 465;SUBARU;OUTBACK;2013;Chassi462;Vermelho
463;Placa 466;SUBARU;SVX;2013;Chassi463;Branco
464;Placa 467;SUBARU;TRIBECA;2013;Chassi464;Preto
465;Placa 468;SUBARU;VIVIO;2014;Chassi465;Prata
466;Placa 469;SUZUKI;BALENO;2014;Chassi466;Vermelho
467;Placa 470;SUZUKI;GRAND VITARA;2014;Chassi467;Branco
468;Placa 471;SUZUKI;IGNIS;2014;Chassi468;Preto
469;Placa 472;SUZUKI;JIMNY;2014;Chassi469;Prata
470;Placa 473;SUZUKI;SUPER CARRY;2014;Chassi470;Vermelho
471;Placa 474;SUZUKI;SWIFT;2014;Chassi471;Branco
472;Placa 475;SUZUKI;SX4;2014;Chassi472;Preto
473;Placa 476;SUZUKI;VITARA;2014;Chassi473;Prata
474;Placa 477;SUZUKI;WAGON R;2014;Chassi474;Vermelho
475;Placa 478;TAC;STARK;2014;Chassi475;Branco
476;Placa 479;TOYOTA;AVALON;2014;Chassi476;Preto
477;Placa 480;TOYOTA;BANDEIRANTE;2014;Chassi477;Prata
478;Placa 481;TOYOTA;CAMRY;2014;Chassi478;Vermelho
479;Placa 482;TOYOTA;CELICA;2014;Chassi479;Branco
480;Placa 483;TOYOTA;COROLLA;2014;Chassi480;Preto
481;Placa 484;TOYOTA;CORONA;2014;Chassi481;Prata
482;Placa 485;TOYOTA;HILUX;2014;Chassi482;Vermelho
483;Placa 486;TOYOTA;LAND CRUISER;2014;Chassi483;Branco
484;Placa 487;TOYOTA;MR-2;2014;Chassi484;Preto
485;Placa 488;TOYOTA;PASEO;2014;Chassi485;Prata
486;Placa 489;TOYOTA;PREVIA;2014;Chassi486;Vermelho
487;Placa 490;TOYOTA;RAV4;2014;Chassi487;Branco
488;Placa 491;TOYOTA;SUPRA;2014;Chassi488;Preto
489;Placa 492;TROLLER;PANTANAL;2014;Chassi489;Prata
490;Placa 493;TROLLER;T-4;2014;Chassi490;Vermelho
491;Placa 494;VOLVO;400 SERIES;2014;Chassi491;Branco
492;Placa 495;VOLVO;850;2014;Chassi492;Preto
493;Placa 496;VOLVO;900 SERIES;2014;Chassi493;Prata
494;Placa 497;VOLKSWAGEN;AMAROK;2014;Chassi494;Vermelho
495;Placa 498;VOLKSWAGEN;APOLLO;2014;Chassi495;Branco
496;Placa 499;VOLKSWAGEN;BORA;2014;Chassi496;Preto
497;Placa 500;VOLKSWAGEN;CARAVELLE;2014;Chassi497;Prata
498;Placa 501;VOLKSWAGEN;CORRADO;2014;Chassi498;Vermelho
499;Placa 502;VOLKSWAGEN;EOS;2014;Chassi499;Branco
500;Placa 503;VOLKSWAGEN;EUROVAN;2014;Chassi500;Preto
501;Placa 504;VOLKSWAGEN;FOX;2014;Chassi501;Prata
502;Placa 505;VOLKSWAGEN;FUSCA;2014;Chassi502;Vermelho
503;Placa 506;VOLKSWAGEN;GOL;2014;Chassi503;Branco
504;Placa 507;VOLKSWAGEN;GOLF;2014;Chassi504;Preto
505;Placa 508;VOLKSWAGEN;JETTA;2014;Chassi505;Prata
506;Placa 509;VOLKSWAGEN;KOMBI;2014;Chassi506;Vermelho
507;Placa 510;VOLKSWAGEN;LOGUS;2014;Chassi507;Branco
508;Placa 511;VOLKSWAGEN;PARATI;2014;Chassi508;Preto
509;Placa 512;VOLKSWAGEN;PASSAT;2014;Chassi509;Prata
510;Placa 513;VOLKSWAGEN;POINTER;2014;Chassi510;Vermelho
511;Placa 514;VOLKSWAGEN;POLO;2014;Chassi511;Branco
512;Placa 515;VOLKSWAGEN;SANTANA;2014;Chassi512;Preto
513;Placa 516;VOLKSWAGEN;SAVEIRO;2014;Chassi513;Prata
514;Placa 517;VOLKSWAGEN;SPACEFOX;2014;Chassi514;Vermelho
515;Placa 518;VOLKSWAGEN;TIGUAN;2014;Chassi515;Branco
516;Placa 519;VOLKSWAGEN;TOUAREG;2014;Chassi516;Preto
517;Placa 520;VOLKSWAGEN;VOYAGE;2014;Chassi517;Prata
518;Placa 521;ACURA;ZDX;2014;Chassi518;Vermelho
519;Placa 522;FIAT;140;2014;Chassi519;Branco
520;Placa 523;VOLKSWAGEN;BRASILIA;2014;Chassi520;Preto
521;Placa 524;FORD;BRASILVAN;2014;Chassi521;Prata
522;Placa 525;FORD;CORCEL;2014;Chassi522;Vermelho
523;Placa 526;FIAT;PALIO WEEKEND;2014;Chassi523;Branco
524;Placa 527;FORD;FOCUS SEDAN;2014;Chassi524;Preto
525;Placa 528;FORD;FIESTA SEDAN;2014;Chassi525;Prata
526;Placa 529;FORD;FIESTA TRAIL;2014;Chassi526;Vermelho
527;Placa 530;PEUGEOT;207 SW;2014;Chassi527;Branco
528;Placa 531;FORD;ESCORT SW;2014;Chassi528;Preto
529;Placa 532;PEUGEOT;307 SEDAN;2014;Chassi529;Prata
530;Placa 533;PEUGEOT;307 SW;2014;Chassi530;Vermelho
531;Placa 534;CITROEN;C4 PALLAS;2014;Chassi531;Branco
532;Placa 535;CITROEN;C4 PICASSO;2014;Chassi532;Preto
533;Placa 536;CITROEN;C4 VTR;2014;Chassi533;Prata
534;Placa 537;RENAULT;CLIO SEDAN;2014;Chassi534;Vermelho
535;Placa 538;TOYOTA;COROLLA FIELDER;2014;Chassi535;Branco
536;Placa 539;TOYOTA;HILUX SW4;2014;Chassi536;Preto
537;Placa 540;RENAULT;MEGANE GRAND TOUR;2014;Chassi537;Prata
538;Placa 541;RENAULT;SANDERO STEPWAY;2014;Chassi538;Vermelho
539;Placa 542;CITROEN;XSARA PICASSO;2014;Chassi539;Branco
540;Placa 543;UTILITARIOS AGRICOLAS;COLHEITADEIRA;2014;Chassi540;Preto
541;Placa 544;WILLYS OVERLAND;PICKUP F75;2014;Chassi541;Prata
542;Placa 545;GURGEL;X12;2014;Chassi542;Vermelho
543;Placa 546;CHEVROLET;BEL AIR;2014;Chassi543;Branco
544;Placa 547;BMW;RX;2014;Chassi544;Preto
545;Placa 548;CHEVROLET;C-14;2014;Chassi545;Prata
546;Placa 549;CADILLAC;SRX4;2014;Chassi546;Vermelho
547;Placa 550;CHEVROLET;C-15;2014;Chassi547;Branco
548;Placa 551;CHEVROLET;BRASIL;2014;Chassi548;Preto
549;Placa 552;DODGE;POLARA;2014;Chassi549;Prata
550;Placa 553;FIAT;600;2014;Chassi550;Vermelho
551;Placa 554;FORD;F-01;2014;Chassi551;Branco
552;Placa 555;FORD;FALCON;2014;Chassi552;Preto
553;Placa 556;FORD;GALAXIE;2014;Chassi553;Prata
554;Placa 557;FORD;MAVERICK;2014;Chassi554;Vermelho
555;Placa 558;FORD;MODELO A;2014;Chassi555;Branco
556;Placa 559;FORD;NEW FIESTA;2014;Chassi556;Preto
557;Placa 560;INFINITI;LINHA FX;2014;Chassi557;Prata
558;Placa 561;PUMA;GTS;2014;Chassi558;Vermelho
559;Placa 562;HUMMER;H3;2014;Chassi559;Branco
560;Placa 563;HYUNDAI;PRIME;2014;Chassi560;Preto
561;Placa 564;HYUNDAI;TIBURON;2014;Chassi561;Prata
562;Placa 565;JEEP;JEEP;2014;Chassi562;Vermelho
563;Placa 566;JEEP;CJ5;2014;Chassi563;Branco
564;Placa 567;KARMANN GHIA;TC;2014;Chassi564;Preto
565;Placa 568;MERCEDES-BENZ;CLASSE CLC;2014;Chassi565;Prata
566;Placa 569;MERCEDES-BENZ;CLASSE CLS;2005;Chassi566;Vermelho
567;Placa 570;MERCURY;MONTEREY;2005;Chassi567;Branco
568;Placa 571;MIURA;TOPSPORT;2005;Chassi568;Preto
569;Placa 572;MIURA;TARGA;2005;Chassi569;Prata
570;Placa 573;MIURA;X8;2005;Chassi570;Vermelho
571;Placa 574;NISSAN;370Z;2005;Chassi571;Branco
572;Placa 575;PUMA;GTB;2005;Chassi572;Preto
573;Placa 576;PUMA;GTC;2005;Chassi573;Prata
574;Placa 577;PUMA;GTE;2005;Chassi574;Vermelho
575;Placa 578;MORRIS;AUSTIN;2005;Chassi575;Branco
576;Placa 579;RENAULT;7TL;2005;Chassi576;Preto
577;Placa 580;RENAULT;19;2005;Chassi577;Prata
578;Placa 581;SKODA;CONVERS√çVEL;2005;Chassi578;Vermelho
579;Placa 582;GURGEL;SUPERMINI;2005;Chassi579;Branco
580;Placa 583;VOLKSWAGEN;TL;2005;Chassi580;Preto
581;Placa 584;FIAT;TOPOLINO;2005;Chassi581;Prata
582;Placa 585;TOYOTA;SR5;2005;Chassi582;Vermelho
583;Placa 586;TOYOTA;VITZ;2005;Chassi583;Branco
584;Placa 587;VOLKSWAGEN;VARIANT;2005;Chassi584;Preto
585;Placa 588;DKW-VEMAG;CANDANGO;2005;Chassi585;Prata
586;Placa 589;VOLKSWAGEN;SP2;2005;Chassi586;Vermelho
587;Placa 590;HANOMAG;RECORB;2005;Chassi587;Branco
588;Placa 591;VOLKSWAGEN;POLAUTO;2005;Chassi588;Preto
589;Placa 592;RENAULT;GORDINI;2005;Chassi589;Prata
590;Placa 593;HILLMAN;MINX;2005;Chassi590;Vermelho
591;Placa 594;TOYOTA;ETIOS;2005;Chassi591;Branco
592;Placa 595;CHEVROLET;ONIX;2005;Chassi592;Preto
593;Placa 596;HYUNDAI;HB20;2005;Chassi593;Prata
594;Placa 597;BMW;330;2005;Chassi594;Vermelho
595;Placa 598;BMW;520;2005;Chassi595;Branco
596;Placa 599;BMW;730;2005;Chassi596;Preto
597;Placa 600;BMW;M1;2005;Chassi597;Prata
598;Placa 601;BMW;SERIE Z;2005;Chassi598;Vermelho
599;Placa 602;MERCEDES-BENZ;CLASSE SLK;2005;Chassi599;Branco
600;Placa 603;MERCEDES-BENZ;CLASSE C;2005;Chassi600;Preto
601;Placa 604;MERCEDES-BENZ;CLASSE E;2005;Chassi601;Prata
602;Placa 605;MERCEDES-BENZ;CLASSE CL;2005;Chassi602;Vermelho
603;Placa 606;MERCEDES-BENZ;CLASSE CLK;2005;Chassi603;Branco
604;Placa 607;MERCEDES-BENZ;CLASSE S;2005;Chassi604;Preto
605;Placa 608;MERCEDES-BENZ;CLASSE SL;2005;Chassi605;Prata
606;Placa 609;MERCEDES-BENZ;CLASSE SLS;2005;Chassi606;Vermelho
607;Placa 610;MERCEDES-BENZ;CLASSE G;2005;Chassi607;Branco
608;Placa 611;MERCEDES-BENZ;CLASSE GL;2005;Chassi608;Preto
609;Placa 612;MERCEDES-BENZ;CLASSE M;2005;Chassi609;Prata
610;Placa 613;HRG;1500;2005;Chassi610;Vermelho
611;Placa 614;HYUNDAI;EQUUS;2005;Chassi611;Branco
612;Placa 615;LAMBORGHINI;350 GT;2005;Chassi612;Preto
613;Placa 616;LAMBORGHINI;400 GT;2005;Chassi613;Prata
614;Placa 617;LAMBORGHINI;MIURA;2005;Chassi614;Vermelho
615;Placa 618;LAMBORGHINI;ISLERO;2005;Chassi615;Branco
616;Placa 619;LAMBORGHINI;ESPADA;2005;Chassi616;Preto
617;Placa 620;LAMBORGHINI;COUNTACH;2005;Chassi617;Prata
618;Placa 621;LAMBORGHINI;DIABLO;2005;Chassi618;Vermelho
619;Placa 622;LAMBORGHINI;ZAGATO;2005;Chassi619;Branco
620;Placa 623;LAMBORGHINI;ALAR;2005;Chassi620;Preto
621;Placa 624;LAMBORGHINI;LM002;2005;Chassi621;Prata
622;Placa 625;LAMBORGHINI;REVENTON;2005;Chassi622;Vermelho
623;Placa 626;LAMBORGHINI;ANKONIAN;2005;Chassi623;Branco
624;Placa 627;LAMBORGHINI;AVENTADOR;2005;Chassi624;Preto
625;Placa 628;LAMBORGHINI;SESTO ELEMENTO;2005;Chassi625;Prata
626;Placa 629;JAC;J3 TURIN;2005;Chassi626;Vermelho
627;Placa 630;JAC;J2;2005;Chassi627;Branco
628;Placa 631;RENAULT;SANDERO GT;2005;Chassi628;Preto
629;Placa 632;CHEVROLET;SPIN;2005;Chassi629;Prata
630;Placa 633;CHEVROLET;TRAILBLAZER;2005;Chassi630;Vermelho
631;Placa 634;CITROEN;C3 PICASSO;2005;Chassi631;Branco
632;Placa 635;CITROEN;GRAND C4 PICASSO;2005;Chassi632;Preto
633;Placa 636;CITROEN;JUMPER MINIBUS;2005;Chassi633;Prata
634;Placa 637;CITROEN;JUMPER VETRATO;2005;Chassi634;Vermelho
635;Placa 638;PEUGEOT;207 SEDAN;2005;Chassi635;Branco
636;Placa 639;PEUGEOT;207 QUIKSILVER;2005;Chassi636;Preto
637;Placa 640;PEUGEOT;207 ESCAPADE;2005;Chassi637;Prata
638;Placa 641;PEUGEOT;308 CC;2005;Chassi638;Vermelho
639;Placa 642;PEUGEOT;BOXER PASSAGEIRO;2005;Chassi639;Branco
640;Placa 643;FORD;NEW FIESTA SEDAN;2005;Chassi640;Preto
641;Placa 644;FORD;TRANSIT PASSAGEIRO;2005;Chassi641;Prata
642;Placa 645;FORD;TRANSIT CHASSI;2005;Chassi642;Vermelho
643;Placa 646;AUDI;A4 AVANT;2005;Chassi643;Branco
644;Placa 647;AUDI;S4 AVANT;2005;Chassi644;Preto
645;Placa 648;AUDI;A5 SPORTBACK;2005;Chassi645;Prata
646;Placa 649;AUDI;A5 CABRIOLET;2005;Chassi646;Vermelho
647;Placa 650;AUDI;S5 COUPE;2005;Chassi647;Branco
648;Placa 651;AUDI;S5 SPORTBACK;2005;Chassi648;Preto
649;Placa 652;AUDI;S5 CABRIOLET;2005;Chassi649;Prata
650;Placa 653;AUDI;A6 AVANT;2005;Chassi650;Vermelho
651;Placa 654;AUDI;A6 ALLROAD;2005;Chassi651;Branco
652;Placa 655;AUDI;S6 AVANT;2005;Chassi652;Preto
653;Placa 656;AUDI;S7;2005;Chassi653;Prata
654;Placa 657;AUDI;TT ROADSTER;2005;Chassi654;Vermelho
655;Placa 658;AUDI;TT RS;2005;Chassi655;Branco
656;Placa 659;AUDI;TT RS ROADSTER;2005;Chassi656;Preto
657;Placa 660;AUDI;TTS ROADSTER;2005;Chassi657;Prata
658;Placa 661;AUDI;R8 SPYDER;2005;Chassi658;Vermelho
659;Placa 662;AUDI;R8 GT;2005;Chassi659;Branco
660;Placa 663;AUDI;R8 GT SPYDER;2005;Chassi660;Preto
661;Placa 664;FERRARI;F12;2005;Chassi661;Prata
662;Placa 665;FERRARI;458 SPIDER;2005;Chassi662;Vermelho
663;Placa 666;FERRARI;458 ITALIA;2005;Chassi663;Branco
664;Placa 667;FERRARI;FF;2005;Chassi664;Preto
665;Placa 668;FERRARI;599;2005;Chassi665;Prata
666;Placa 669;FERRARI;SA;2005;Chassi666;Vermelho
667;Placa 670;FERRARI;CHALLENGE;2005;Chassi667;Branco
668;Placa 671;FERRARI;SUPERAMERICA;2005;Chassi668;Preto
669;Placa 672;FERRARI;F430 SPIDER;2005;Chassi669;Prata
670;Placa 673;FERRARI;430;2005;Chassi670;Vermelho
671;Placa 674;FERRARI;612 SESSANTA;2005;Chassi671;Branco
672;Placa 675;FERRARI;599 GTB;2005;Chassi672;Preto
673;Placa 676;FERRARI;SCUDERIA SPIDER;2005;Chassi673;Prata
674;Placa 677;FERRARI;512;2005;Chassi674;Vermelho
675;Placa 678;FERRARI;456 GT;2005;Chassi675;Branco
676;Placa 679;FERRARI;348 GTS;2005;Chassi676;Preto
677;Placa 680;FERRARI;348 SPIDER;2005;Chassi677;Prata
678;Placa 681;FERRARI;F355;2005;Chassi678;Vermelho
679;Placa 682;FERRARI;F355 SPIDER;2005;Chassi679;Branco
680;Placa 683;FERRARI;F50;2005;Chassi680;Preto
681;Placa 684;FERRARI;355 SPIDER;2005;Chassi681;Prata
682;Placa 685;FERRARI;360 MODENA;2005;Chassi682;Vermelho
683;Placa 686;MITSUBISHI;PAJERO FULL;2005;Chassi683;Branco
684;Placa 687;MITSUBISHI;PAJERO DAKAR;2008;Chassi684;Preto
685;Placa 688;MITSUBISHI;PAJERO TR4;2008;Chassi685;Prata
686;Placa 689;MITSUBISHI;LANCER SPORTBACK;2008;Chassi686;Vermelho
687;Placa 690;MITSUBISHI;LANCER EVOLUTION;2008;Chassi687;Branco
688;Placa 691;MITSUBISHI;L200 TRITON SAVANA;2008;Chassi688;Preto
689;Placa 692;MITSUBISHI;L200 TRITON;2008;Chassi689;Prata
690;Placa 693;NISSAN;LIVINA X-GEAR;2008;Chassi690;Vermelho
691;Placa 694;NISSAN;GRAND LIVINA;2008;Chassi691;Branco
692;Placa 695;SSANGYONG;NEW ACTYON SPORTS;2008;Chassi692;Preto
693;Placa 696;TOYOTA;PRIUS;2008;Chassi693;Prata
694;Placa 697;MIURA;SPORT;2008;Chassi694;Vermelho
695;Placa 698;MIURA;MTS;2008;Chassi695;Branco
696;Placa 699;MIURA;SPIDER;2008;Chassi696;Preto
697;Placa 700;MIURA;KABRIO;2008;Chassi697;Prata
698;Placa 701;MIURA;SAGA;2008;Chassi698;Vermelho
699;Placa 702;MIURA;SAGA II;2008;Chassi699;Branco
700;Placa 703;MIURA;787;2008;Chassi700;Preto
701;Placa 704;MIURA;X11;2008;Chassi701;Prata
702;Placa 705;GAIOLA;GAIOLA;2008;Chassi702;Vermelho
703;Placa 706;DODGE;NITRO;2008;Chassi703;Branco
704;Placa 707;DODGE;CHALLENGER;2008;Chassi704;Preto
705;Placa 708;DODGE;DART;2008;Chassi705;Prata
706;Placa 709;DODGE;LE BARON;2008;Chassi706;Vermelho
707;Placa 710;DODGE;CORDOBA;2008;Chassi707;Branco
708;Placa 711;DODGE;CHARGER;2008;Chassi708;Preto
709;Placa 712;CHRYSLER;WINDSOR;2008;Chassi709;Prata
710;Placa 713;CHRYSLER;CROSSFIRE;2008;Chassi710;Vermelho
711;Placa 714;CHRYSLER;CORDOBA;2008;Chassi711;Branco
712;Placa 715;CADILLAC;ESCALADE;2008;Chassi712;Preto
713;Placa 716;BUICK;RIVIERA;2008;Chassi713;Prata
714;Placa 717;BUICK;COUPE;2008;Chassi714;Vermelho
715;Placa 718;BUICK;CENTURY;2008;Chassi715;Branco
716;Placa 719;BUICK;APOLLO;2008;Chassi716;Preto
717;Placa 720;BUICK;CENTURION;2008;Chassi717;Prata
718;Placa 721;BUICK;EIGHT;2008;Chassi718;Vermelho
719;Placa 722;BUICK;ELECTRA;2008;Chassi719;Branco
720;Placa 723;BUICK;ESTATE WAGON;2008;Chassi720;Preto
721;Placa 724;BUICK;GRAN SPORT;2008;Chassi721;Prata
722;Placa 725;BUICK;GSX;2008;Chassi722;Vermelho
723;Placa 726;BUICK;INVICTA;2008;Chassi723;Branco
724;Placa 727;BUICK;LESABRE;2010;Chassi724;Preto
725;Placa 728;BUICK;LIMITED;2010;Chassi725;Prata
726;Placa 729;BUICK;PARK AVENUE;2010;Chassi726;Vermelho
727;Placa 730;BUICK;RAINIER;2011;Chassi727;Branco
728;Placa 731;BUICK;REATTA;2010;Chassi728;Preto
729;Placa 732;BUICK;REGAL;2011;Chassi729;Prata
730;Placa 733;BUICK;RENDEZVOUS;2015;Chassi730;Vermelho
731;Placa 734;BUICK;ROADMASTER;1998;Chassi731;Branco
732;Placa 735;BUICK;ROYAUM;1998;Chassi732;Preto
733;Placa 736;BUICK;SKYHAWK;2000;Chassi733;Prata
734;Placa 737;BUICK;SKYLARK;2005;Chassi734;Vermelho
735;Placa 738;BUICK;SOMERSET;2008;Chassi735;Branco
736;Placa 739;BUICK;SPECIAL;2010;Chassi736;Preto
737;Placa 740;BUICK;SPORT WAGON;2015;Chassi737;Prata
738;Placa 741;BUICK;SUPER;2014;Chassi738;Vermelho
739;Placa 742;BUICK;TERRAZA;2016;Chassi739;Branco
740;Placa 743;BUICK;WILDCAT;2018;Chassi740;Preto
741;Placa 744;BUICK;LACROSSE;2019;Chassi741;Prata
742;Placa 745;BUICK;ENCLAVE;2022;Chassi742;Vermelho
743;Placa 746;BUICK;GL8;2022;Chassi743;Branco
744;Placa 747;BUICK;HRV;2022;Chassi744;Preto
745;Placa 748;BUICK;LUCERNE;2022;Chassi745;Prata
746;Placa 749;FORD;SIERRA;2022;Chassi746;Vermelho
747;Placa 750;DAEWOO;BROUGHAM;2022;Chassi747;Branco
748;Placa 751;DAEWOO;CHAIRMAN;2022;Chassi748;Preto
749;Placa 752;DAEWOO;DAMAS;2022;Chassi749;Prata
750;Placa 753;DAEWOO;GENTRA;2022;Chassi750;Vermelho
751;Placa 754;DAEWOO;MAEPSY;2022;Chassi751;Branco
752;Placa 755;DAEWOO;ISTANA;2022;Chassi752;Preto
753;Placa 756;DAEWOO;KALOS;2022;Chassi753;Prata
754;Placa 757;DAEWOO;KORANDO;2022;Chassi754;Vermelho
755;Placa 758;DAEWOO;LACETTI;2022;Chassi755;Branco
297;Placa 300;KIA;SOUL;2019;Chassi297;Prata
298;Placa 301;KIA;SPORTAGE;2019;Chassi298;Vermelho
1204;Placa 1207;SSANGYONG;ACTYON;2022;Chassi1204;Preto
1205;Placa 1208;CHEVROLET;MARAJO;2022;Chassi1205;Prata
1206;Placa 1209;CHEVROLET;SUPREMA;2022;Chassi1206;Vermelho
1207;Placa 1210;VOLKSWAGEN;NEW BEETLE;2022;Chassi1207;Branco
1208;Placa 1211;VOLKSWAGEN;QUANTUM;2022;Chassi1208;Preto
1209;Placa 1212;VOLKSWAGEN;CROSSFOX;2022;Chassi1209;Prata
1210;Placa 1213;FIAT;MILLE;2022;Chassi1210;Vermelho
1211;Placa 1214;GEELY;GC2;2022;Chassi1211;Branco
1212;Placa 1215;GEELY;EC7;2022;Chassi1212;Preto
1213;Placa 1216;LIFAN;530;2022;Chassi1213;Prata
1214;Placa 1217;FIAT;MOBI;2022;Chassi1214;Vermelho
1215;Placa 1218;FIAT;TORO;2022;Chassi1215;Branco
1216;Placa 1219;JEEP;RENEGADE;2022;Chassi1216;Preto
1217;Placa 1220;RENAULT;DUSTER OROCH;2022;Chassi1217;Prata
1218;Placa 1221;RENAULT;SANDERO RS;2022;Chassi1218;Vermelho
1219;Placa 1222;HYUNDAI;HB20R;2022;Chassi1219;Branco
1220;Placa 1223;HYUNDAI;GRAND SANTA FE;2022;Chassi1220;Preto
1221;Placa 1224;VOLKSWAGEN;GOLF VARIANT;2022;Chassi1221;Prata
1222;Placa 1225;VOLKSWAGEN;SPACE CROSS;2022;Chassi1222;Vermelho
1223;Placa 1226;PEUGEOT;2008;2022;Chassi1223;Branco
17;Placa 20;KIA;TOPIC;2019;Chassi17;Prata
18;Placa 21;KIA;TOWNER;2019;Chassi18;Vermelho
1226;Placa 1229;JAC;T8;2019;Chassi1226;Vermelho
1227;Placa 1230;JAC;T6;2019;Chassi1227;Branco
1228;Placa 1231;JAC;T5;2019;Chassi1228;Preto
1229;Placa 1232;FORD;KA SEDAN;2019;Chassi1229;Prata
1230;Placa 1233;FORD;FOCUS FASTBACK;2019;Chassi1230;Vermelho
